{
    "Version": "2012-10-17",
    "Statement": [
        {
            "Sid": "Stmt{aws_account_id}",
            "Action": [
                "dynamodb:BatchWriteItem",
                "dynamodb:PutItem",
                "dynamodb:UpdateItem"
            ],
            "Effect": "Allow",
            "Resource": "arn:aws:dynamodb:us-east-1:{aws_account_id}:table/{table_name}"
        },
        {
            "Effect": "Allow",
            "Action": "logs:CreateLogGroup",
            "Resource": "arn:aws:logs:us-east-1:{aws_account_id}:*"
        },
        {
            "Effect": "Allow",
            "Action": [
                "logs:CreateLogStream",
                "logs:PutLogEvents"
            ],
            "Resource": [
                "arn:aws:logs:us-east-1:{aws_account_id}:log-group:/aws/lambda/writeLambda:*"
            ]
        }
    ]
}